A001,辺見 洋行,ヘンミ ヨウコウ,男,10/16/1971,2/4/1900,4/1/2000,150-0041,東京都
A002,矢代 高大,ヤシロ コウダイ,男,8/6/1973,2/3/1900,4/1/2006,420-0002,静岡県
A003,廣瀬 好二,ヒロセ コウジ,男,10/17/1978,1/28/1900,4/1/1999,290-0023,千葉県
A004,蒲田 昭利,カマタ アキトシ,男,7/25/1985,1/22/1900,4/1/2006,214-0022,神奈川県
A005,浦河 雪,ウラカワ ユキ,女,9/24/1977,1/29/1900,4/1/1998,251-0022,神奈川県
A006,鵜川 和裕,ウカワ カズヒロ,男,8/3/1985,1/22/1900,4/1/1999,211-0041,神奈川県
A007,武田 保正,タケダ ヤスマサ,男,8/30/1977,1/30/1900,4/1/1999,150-0031,東京都
A008,高須 武文,タカス タケフミ,男,11/7/1971,2/4/1900,4/1/2005,340-0002,埼玉県
A009,龍田 真一,タツタ シンイチ,男,6/22/1969,2/7/1900,4/1/2001,270-0001,千葉県
A010,笠原 真理子,カサハラ マリコ,女,8/23/1976,1/31/1900,4/1/2006,220-0021,神奈川県
A011,三澤 智光,ミサワ トモミツ,男,12/26/1969,2/6/1900,4/1/2007,351-0011,埼玉県
A012,多賀 奈穂,タガ ナホ,女,10/30/1984,1/22/1900,4/1/2007,150-0022,東京都
A013,栗橋 佐和子,クリハシ サワコ,女,7/7/1980,1/27/1900,4/1/2003,411-0001,静岡県
A014,桑原 亜紀,クワハラ アキ,女,1/10/1977,1/30/1900,4/1/2005,260-0001,千葉県
A015,島本 真理,シマモト マリ,女,7/17/1979,1/28/1900,4/1/2007,250-0023,神奈川県
A016,宮松 卓雄,ミヤマツ タクオ,男,3/20/1970,2/6/1900,4/1/2002,105-0001,東京都
A017,姫島 広大,ヒメシマ コウダイ,男,11/21/1973,2/2/1900,4/1/2003,211-0044,神奈川県
A018,漆戸 里奈,ウルシド リナ,女,4/24/1980,1/27/1900,4/1/2006,210-0025,神奈川県
A019,長濱 洋一郎,ナガハマ ヨウイチロウ,男,6/18/1976,1/31/1900,4/1/2003,420-0023,静岡県
A020,井川 瞳,イガワ ヒトミ,女,5/24/1970,2/6/1900,4/1/2003,211-0011,神奈川県
A021,坂下 洋子,サカシタ ヨウコ,女,11/11/1976,1/30/1900,4/1/2005,180-0022,東京都
A022,江木 ます江,エギ マスエ,女,10/18/1984,1/22/1900,4/1/2006,330-0000,埼玉県
A023,森島 賢一,モリシマ ケンイチ,男,10/30/1974,2/1/1900,4/1/1998,340-0042,埼玉県
A024,船田 弥生,フナダ ヤヨイ,女,7/31/1980,1/27/1900,4/1/2001,316-0001,茨城県
A025,浅岡 達吉,アサオカ タツキチ,男,7/13/1970,2/6/1900,4/1/1998,211-0021,神奈川県
A026,作間 昭正,サクマ アキマサ,男,6/10/1980,1/27/1900,4/1/2007,170-0001,東京都
A027,橋本 祐子,ハシモト ユウコ,女,4/27/1982,1/25/1900,4/1/1998,314-0001,茨城県
A028,毒島 健一郎,ブスジマ ケンイチロウ,男,5/28/1972,2/4/1900,4/1/2002,450-0001,愛知県
A029,西俣 力哉,ニシマタ リキヤ,男,12/20/1975,1/31/1900,4/1/2003,240-0022,神奈川県
A030,岡光 洋,オカミツ ヨウ,男,1/7/1985,1/22/1900,4/1/2003,240-0011,神奈川県
A031,河村 幸恵,カワムラ ユキエ,女,2/16/1969,2/7/1900,4/1/2006,215-0021,神奈川県
A032,井之口 幸介,イノクチ コウスケ,男,8/9/1985,1/22/1900,4/1/2003,213-0021,神奈川県
A033,脇塚 真美,ワキツカ マミ,女,9/26/1982,1/24/1900,4/1/2006,220-0001,神奈川県
A034,長船 洋子,オサフネ ヨウコ,女,1/8/1985,1/22/1900,4/1/2007,215-0032,神奈川県
A035,増田 浩三,マスダ コウゾウ,男,3/6/1977,1/30/1900,4/1/1998,120-0011,東京都
A036,上園 彩,ウエゾノ アヤ,女,1/20/1981,1/26/1900,4/1/1999,214-0023,神奈川県
A037,角田 絵美,カクタ エミ,女,2/24/1986,1/21/1900,4/1/2001,211-0051,神奈川県
A038,松成 一成,マツナリ イッセイ,男,7/26/1971,2/5/1900,4/1/2007,417-0023,静岡県
A039,難波 靖代,ナンバ ヤスヨ,女,10/19/1977,1/29/1900,4/1/2003,120-0023,東京都
A040,池水 友太,イケミズ トモタ,男,8/20/1984,1/23/1900,4/1/2005,230-0022,神奈川県
A041,池谷 弥生,イケタニ ヤヨイ,女,11/11/1972,2/3/1900,4/1/2007,270-0021,千葉県
A042,玉野 智行,タマノ トモユキ,男,5/17/1987,1/20/1900,4/1/2004,316-0021,茨城県
A043,米長 秋成,ヨネナガ アキナリ,男,12/30/1984,1/22/1900,4/1/2001,417-0001,静岡県
A044,皆川 良房,ミナガワ ヨシフサ,女,8/28/1981,1/26/1900,4/1/2000,315-0002,茨城県
A045,開藤 栄寿,カイトウ エイジュ,男,3/28/1982,1/25/1900,4/1/2002,360-0111,埼玉県
A046,神野 庄司,カンノ ショウジ,男,6/22/1975,2/1/1900,4/1/2007,170-0011,東京都
A047,神田 冬彦,カンダ フユヒコ,男,11/29/1985,1/21/1900,4/1/2003,160-0011,東京都
A048,長田 賢一,オサダ ケンイチ,男,11/13/1976,1/30/1900,4/1/2005,290-0001,千葉県
A049,浅野 七菜,アサノ ナナ,女,4/27/1975,2/1/1900,4/1/2000,150-0011,東京都
A050,鍋島 弘,ナベシマ ヒロシ,男,10/20/1968,2/7/1900,4/1/2000,210-0023,神奈川県
